{
  "HTTP Request-1" : {
    "transaction" : "HTTP Request-1",
    "sampleCount" : 3990,
    "errorCount" : 3874,
    "errorPct" : 97.092735,
    "meanResTime" : 4218.996491228076,
    "medianResTime" : 2552.0,
    "minResTime" : 312.0,
    "maxResTime" : 20983.0,
    "pct1ResTime" : 9658.8,
    "pct2ResTime" : 17913.0,
    "pct3ResTime" : 18207.36,
    "throughput" : 69.28045561883594,
    "receivedKBytesPerSec" : 173.87507772889464,
    "sentKBytesPerSec" : 10.48678771574177
  },
  "Total" : {
    "transaction" : "Total",
    "sampleCount" : 11980,
    "errorCount" : 7758,
    "errorPct" : 64.75793,
    "meanResTime" : 3071.5272954924867,
    "medianResTime" : 2551.0,
    "minResTime" : 136.0,
    "maxResTime" : 21576.0,
    "pct1ResTime" : 5646.0,
    "pct2ResTime" : 17696.749999999993,
    "pct3ResTime" : 18440.57,
    "throughput" : 204.50665756230796,
    "receivedKBytesPerSec" : 362.0532951732673,
    "sentKBytesPerSec" : 38.3129907818368
  },
  "HTTP Request-0" : {
    "transaction" : "HTTP Request-0",
    "sampleCount" : 3990,
    "errorCount" : 0,
    "errorPct" : 0.0,
    "meanResTime" : 391.481453634084,
    "medianResTime" : 289.0,
    "minResTime" : 272.0,
    "maxResTime" : 1694.0,
    "pct1ResTime" : 583.0,
    "pct2ResTime" : 595.0,
    "pct3ResTime" : 975.9000000000015,
    "throughput" : 73.98616699734836,
    "receivedKBytesPerSec" : 10.765565315043853,
    "sentKBytesPerSec" : 9.609531455710286
  },
  "HTTP Request" : {
    "transaction" : "HTTP Request",
    "sampleCount" : 4000,
    "errorCount" : 3884,
    "errorPct" : 97.1,
    "meanResTime" : 4600.2725,
    "medianResTime" : 2867.0,
    "minResTime" : 136.0,
    "maxResTime" : 21576.0,
    "pct1ResTime" : 9944.0,
    "pct2ResTime" : 18209.95,
    "pct3ResTime" : 18808.98,
    "throughput" : 68.28269033799931,
    "receivedKBytesPerSec" : 181.1999382521765,
    "sentKBytesPerSec" : 19.1564953909184
  }
}